,CPI,GDP,Mortgage Rate,Income,Rental Vacancy Rate,House Supply,Employment Level,Consumer Sentiment,House Prices,House Values
2008-02-02,212.174,14706.538,5.68,63455.0,10.1,9.3,144607.0,78.4,183300.0,208073.97761243072
2008-02-09,212.687,14706.538,5.67,63455.0,10.1,9.7,144550.0,70.8,179900.0,208073.97761243072
2008-02-16,212.687,14706.538,5.72,63455.0,10.1,9.7,144550.0,70.8,180000.0,208073.97761243072
2008-02-23,212.687,14706.538,6.04,63455.0,10.1,9.7,144550.0,70.8,175500.0,208073.97761243072
2008-03-01,212.687,14706.538,6.24,63455.0,10.1,9.7,144550.0,70.8,182000.0,206639.45502305223
2008-03-08,213.448,14706.538,6.03,63455.0,10.1,10.5,145108.0,69.5,180000.0,206639.45502305223
2008-03-15,213.448,14706.538,6.13,63455.0,10.1,10.5,145108.0,69.5,185000.0,206639.45502305223
2008-03-22,213.448,14706.538,5.87,63455.0,10.1,10.5,145108.0,69.5,186500.0,206639.45502305223
2008-03-29,213.448,14706.538,5.85,63455.0,10.1,10.5,145108.0,69.5,186400.0,206639.45502305223
2008-04-05,213.942,14865.701,5.88,63455.0,10.0,10.3,145921.0,62.6,185000.0,205141.4468784712
2008-04-12,213.942,14865.701,5.88,63455.0,10.0,10.3,145921.0,62.6,185000.0,205141.4468784712
2008-04-19,213.942,14865.701,5.88,63455.0,10.0,10.3,145921.0,62.6,187000.0,205141.4468784712
2008-04-26,213.942,14865.701,6.03,63455.0,10.0,10.3,145921.0,62.6,184000.0,205141.4468784712
2008-05-03,215.208,14865.701,6.06,63455.0,10.0,10.7,145927.0,59.8,186000.0,203782.4253380984
2008-05-10,215.208,14865.701,6.05,63455.0,10.0,10.7,145927.0,59.8,185000.0,203782.4253380984
2008-05-17,215.208,14865.701,6.01,63455.0,10.0,10.7,145927.0,59.8,187500.0,203782.4253380984
2008-05-24,215.208,14865.701,5.98,63455.0,10.0,10.7,145927.0,59.8,186000.0,203782.4253380984
2008-05-31,215.208,14865.701,6.08,63455.0,10.0,10.7,145927.0,59.8,191000.0,203782.4253380984
2008-06-07,217.463,14865.701,6.09,63455.0,10.0,10.7,146649.0,56.4,187000.0,202211.95128638743
2008-06-14,217.463,14865.701,6.32,63455.0,10.0,10.7,146649.0,56.4,190000.0,202211.95128638743
2008-06-21,217.463,14865.701,6.42,63455.0,10.0,10.7,146649.0,56.4,195000.0,202211.95128638743
2008-06-28,217.463,14865.701,6.45,63455.0,10.0,10.7,146649.0,56.4,196000.0,202211.95128638743
2008-07-05,219.016,14898.999,6.35,63455.0,9.9,10.5,146867.0,61.2,194000.0,200372.7398551798
2008-07-12,219.016,14898.999,6.37,63455.0,9.9,10.5,146867.0,61.2,195000.0,200372.7398551798
2008-07-19,219.016,14898.999,6.26,63455.0,9.9,10.5,146867.0,61.2,195000.0,200372.7398551798
2008-07-26,219.016,14898.999,6.63,63455.0,9.9,10.5,146867.0,61.2,190000.0,200372.7398551798
2008-08-02,219.016,14898.999,6.52,63455.0,9.9,10.5,146867.0,61.2,191000.0,198149.98259012023
2008-08-09,218.69,14898.999,6.52,63455.0,9.9,11.3,145909.0,63.0,185084.0,198149.98259012023
2008-08-16,218.69,14898.999,6.52,63455.0,9.9,11.3,145909.0,63.0,190000.0,198149.98259012023
2008-08-23,218.69,14898.999,6.47,63455.0,9.9,11.3,145909.0,63.0,188000.0,198149.98259012023
2008-08-30,218.69,14898.999,6.4,63455.0,9.9,11.3,145909.0,63.0,190000.0,198149.98259012023
2008-09-06,218.877,14898.999,6.35,63455.0,9.9,10.9,145310.0,70.3,179989.0,196464.00785388492
2008-09-13,218.877,14898.999,5.93,63455.0,9.9,10.9,145310.0,70.3,183500.0,196464.00785388492
2008-09-20,218.877,14898.999,5.78,63455.0,9.9,10.9,145310.0,70.3,181000.0,196464.00785388492
2008-09-27,218.877,14898.999,6.09,63455.0,9.9,10.9,145310.0,70.3,178075.0,196464.00785388492
2008-10-04,216.995,14608.208,6.1,63455.0,10.1,11.6,145543.0,57.6,178900.0,194557.542962258
2008-10-11,216.995,14608.208,5.94,63455.0,10.1,11.6,145543.0,57.6,177500.0,194557.542962258
2008-10-18,216.995,14608.208,6.46,63455.0,10.1,11.6,145543.0,57.6,180000.0,194557.542962258
2008-10-25,216.995,14608.208,6.04,63455.0,10.1,11.6,145543.0,57.6,176124.0,194557.542962258
2008-11-01,216.995,14608.208,6.46,63455.0,10.1,11.6,145543.0,57.6,180000.0,192052.2189056808
2008-11-08,213.153,14608.208,6.2,63455.0,10.1,11.4,144609.0,55.3,171500.0,192052.2189056808
2008-11-15,213.153,14608.208,6.14,63455.0,10.1,11.4,144609.0,55.3,175000.0,192052.2189056808
2008-11-22,213.153,14608.208,6.04,63455.0,10.1,11.4,144609.0,55.3,174000.0,192052.2189056808
2008-12-06,211.398,14608.208,5.53,63455.0,10.1,11.2,143350.0,60.1,170000.0,190190.63457823737
2008-12-13,211.398,14608.208,5.47,63455.0,10.1,11.2,143350.0,60.1,172500.0,190190.63457823737
2008-12-20,211.398,14608.208,5.19,63455.0,10.1,11.2,143350.0,60.1,172000.0,190190.63457823737
2009-01-03,211.933,14430.901,5.1,63011.0,10.1,12.2,140436.0,61.2,169500.0,188231.0562189165
2009-01-10,211.933,14430.901,5.01,63011.0,10.1,12.2,140436.0,61.2,167000.0,188231.0562189165
2009-01-17,211.933,14430.901,4.96,63011.0,10.1,12.2,140436.0,61.2,168000.0,188231.0562189165
2009-01-24,211.933,14430.901,5.12,63011.0,10.1,12.2,140436.0,61.2,165000.0,188231.0562189165
2009-01-31,211.933,14430.901,5.1,63011.0,10.1,12.2,140436.0,61.2,170000.0,188231.0562189165
2009-02-07,212.705,14430.901,5.25,63011.0,10.1,10.5,140105.0,56.3,163500.0,186967.51443169668
2009-02-14,212.705,14430.901,5.16,63011.0,10.1,10.5,140105.0,56.3,164900.0,186967.51443169668
2009-02-21,212.705,14430.901,5.04,63011.0,10.1,10.5,140105.0,56.3,167000.0,186967.51443169668
2009-02-28,212.705,14430.901,5.07,63011.0,10.1,10.5,140105.0,56.3,170000.0,186967.51443169668
2009-03-07,212.495,14430.901,5.15,63011.0,10.1,11.0,139833.0,57.3,165000.0,185702.27396254623
2009-03-14,212.495,14430.901,5.03,63011.0,10.1,11.0,139833.0,57.3,167000.0,185702.27396254623
2009-03-21,212.495,14430.901,4.98,63011.0,10.1,11.0,139833.0,57.3,169000.0,185702.27396254623
2009-03-28,212.495,14430.901,4.85,63011.0,10.1,11.0,139833.0,57.3,165800.0,185702.27396254623
2009-04-04,212.709,14381.236,4.78,63011.0,10.6,10.7,140586.0,65.1,167650.0,184490.55799817512
2009-04-11,212.709,14381.236,4.87,63011.0,10.6,10.7,140586.0,65.1,165000.0,184490.55799817512
2009-04-18,212.709,14381.236,4.82,63011.0,10.6,10.7,140586.0,65.1,165000.0,184490.55799817512
2009-04-25,212.709,14381.236,4.8,63011.0,10.6,10.7,140586.0,65.1,165000.0,184490.55799817512
2009-05-02,212.709,14381.236,4.78,63011.0,10.6,10.7,140586.0,65.1,171125.0,183536.50531368985
2009-05-09,213.022,14381.236,4.84,63011.0,10.6,9.3,140363.0,68.7,168500.0,183536.50531368985
2009-05-16,213.022,14381.236,4.86,63011.0,10.6,9.3,140363.0,68.7,170000.0,183536.50531368985
2009-05-23,213.022,14381.236,4.82,63011.0,10.6,9.3,140363.0,68.7,170000.0,183536.50531368985
2009-05-30,213.022,14381.236,4.91,63011.0,10.6,9.3,140363.0,68.7,176900.0,183536.50531368985
2009-06-06,214.79,14381.236,5.29,63011.0,10.6,8.5,140826.0,70.8,175000.0,182742.2043454966
2009-06-13,214.79,14381.236,5.59,63011.0,10.6,8.5,140826.0,70.8,175000.0,182742.2043454966
2009-06-20,214.79,14381.236,5.38,63011.0,10.6,8.5,140826.0,70.8,180000.0,182742.2043454966
2009-06-27,214.79,14381.236,5.42,63011.0,10.6,8.5,140826.0,70.8,180000.0,182742.2043454966
2009-07-04,214.726,14448.882,5.32,63011.0,11.1,7.9,141055.0,66.0,182500.0,181935.18635068208
2009-07-11,214.726,14448.882,5.2,63011.0,11.1,7.9,141055.0,66.0,175012.0,181935.18635068208
2009-07-18,214.726,14448.882,5.14,63011.0,11.1,7.9,141055.0,66.0,179900.0,181935.18635068208
2009-07-25,214.726,14448.882,5.2,63011.0,11.1,7.9,141055.0,66.0,175000.0,181935.18635068208
2009-08-01,214.726,14448.882,5.25,63011.0,11.1,7.9,141055.0,66.0,180000.0,180987.1057927085
2009-08-08,215.445,14448.882,5.22,63011.0,11.1,7.5,140074.0,65.7,176500.0,180987.1057927085
2009-08-15,215.445,14448.882,5.29,63011.0,11.1,7.5,140074.0,65.7,179838.0,180987.1057927085
2009-08-22,215.445,14448.882,5.12,63011.0,11.1,7.5,140074.0,65.7,177500.0,180987.1057927085
2009-08-29,215.445,14448.882,5.14,63011.0,11.1,7.5,140074.0,65.7,177000.0,180987.1057927085
2009-09-05,215.861,14448.882,5.08,63011.0,11.1,7.8,139079.0,73.5,172500.0,180187.0972160643
2009-09-12,215.861,14448.882,5.07,63011.0,11.1,7.8,139079.0,73.5,170000.0,180187.0972160643
2009-09-19,215.861,14448.882,5.04,63011.0,11.1,7.8,139079.0,73.5,171900.0,180187.0972160643
2009-09-26,215.861,14448.882,5.04,63011.0,11.1,7.8,139079.0,73.5,170000.0,180187.0972160643
2009-10-03,216.509,14651.248,4.94,63011.0,10.7,7.4,139088.0,70.6,170000.0,179799.72707404205
2009-10-10,216.509,14651.248,4.87,63011.0,10.7,7.4,139088.0,70.6,166000.0,179799.72707404205
2009-10-17,216.509,14651.248,4.92,63011.0,10.7,7.4,139088.0,70.6,169000.0,179799.72707404205
2009-10-24,216.509,14651.248,5.0,63011.0,10.7,7.4,139088.0,70.6,168000.0,179799.72707404205
2009-10-31,216.509,14651.248,5.03,63011.0,10.7,7.4,139088.0,70.6,169000.0,179799.72707404205
2009-11-07,217.234,14651.248,4.98,63011.0,10.7,7.6,139132.0,67.4,169900.0,179791.58597326744
2009-11-14,217.234,14651.248,4.91,63011.0,10.7,7.6,139132.0,67.4,165000.0,179791.58597326744
2009-11-21,217.234,14651.248,4.83,63011.0,10.7,7.6,139132.0,67.4,168000.0,179791.58597326744
2009-12-05,217.347,14651.248,4.71,63011.0,10.7,8.0,137953.0,72.5,165000.0,179414.05764259576
2009-12-12,217.347,14651.248,4.81,63011.0,10.7,8.0,137953.0,72.5,170000.0,179414.05764259576
2009-12-19,217.347,14651.248,4.94,63011.0,10.7,8.0,137953.0,72.5,172000.0,179414.05764259576
2009-12-26,217.347,14651.248,5.05,63011.0,10.7,8.0,137953.0,72.5,170000.0,179414.05764259576
2010-01-02,217.347,14651.248,5.14,63011.0,10.7,8.0,137953.0,72.5,170000.0,179016.83301765195
2010-01-09,217.488,14764.611,5.09,61364.0,10.6,8.1,136809.0,74.4,170000.0,179016.83301765195
2010-01-16,217.488,14764.611,5.06,61364.0,10.6,8.1,136809.0,74.4,173000.0,179016.83301765195
2010-01-23,217.488,14764.611,4.99,61364.0,10.6,8.1,136809.0,74.4,168000.0,179016.83301765195
2010-01-30,217.488,14764.611,4.98,61364.0,10.6,8.1,136809.0,74.4,171000.0,179016.83301765195
2010-02-06,217.281,14764.611,5.01,61364.0,10.6,8.3,137203.0,73.6,165000.0,178911.93804857784
2010-02-13,217.281,14764.611,4.97,61364.0,10.6,8.3,137203.0,73.6,160000.0,178911.93804857784
2010-02-20,217.281,14764.611,4.93,61364.0,10.6,8.3,137203.0,73.6,165000.0,178911.93804857784
2010-02-27,217.281,14764.611,5.05,61364.0,10.6,8.3,137203.0,73.6,170000.0,178911.93804857784
2010-03-06,217.353,14764.611,4.97,61364.0,10.6,7.1,137983.0,73.6,167000.0,179191.77857192804
2010-03-13,217.353,14764.611,4.95,61364.0,10.6,7.1,137983.0,73.6,168000.0,179191.77857192804
2010-03-20,217.353,14764.611,4.96,61364.0,10.6,7.1,137983.0,73.6,180000.0,179191.77857192804
2010-03-27,217.353,14764.611,4.99,61364.0,10.6,7.1,137983.0,73.6,166000.0,179191.77857192804
2010-04-03,217.403,14980.193,5.08,61364.0,10.6,6.2,139302.0,72.2,170000.0,179719.73123828624
2010-04-10,217.403,14980.193,5.21,61364.0,10.6,6.2,139302.0,72.2,165000.0,179719.73123828624
2010-04-17,217.403,14980.193,5.07,61364.0,10.6,6.2,139302.0,72.2,166000.0,179719.73123828624
2010-04-24,217.403,14980.193,5.07,61364.0,10.6,6.2,139302.0,72.2,165000.0,179719.73123828624
2010-05-01,217.403,14980.193,5.06,61364.0,10.6,6.2,139302.0,72.2,167900.0,179649.95145558903
2010-05-08,217.29,14980.193,5.0,61364.0,10.6,9.3,139497.0,73.6,170000.0,179649.95145558903
2010-05-15,217.29,14980.193,4.93,61364.0,10.6,9.3,139497.0,73.6,169000.0,179649.95145558903
2010-05-22,217.29,14980.193,4.84,61364.0,10.6,9.3,139497.0,73.6,169900.0,179649.95145558903
2010-05-29,217.29,14980.193,4.78,61364.0,10.6,9.3,139497.0,73.6,174500.0,179649.95145558903
2010-06-05,217.199,14980.193,4.79,61364.0,10.6,8.3,139882.0,76.0,170000.0,179092.1848072265
2010-06-12,217.199,14980.193,4.72,61364.0,10.6,8.3,139882.0,76.0,172000.0,179092.1848072265
2010-06-19,217.199,14980.193,4.75,61364.0,10.6,8.3,139882.0,76.0,175000.0,179092.1848072265
2010-06-26,217.199,14980.193,4.69,61364.0,10.6,8.3,139882.0,76.0,180000.0,179092.1848072265
2010-07-03,217.605,15141.605,4.58,61364.0,10.3,8.9,140134.0,67.8,180000.0,177956.41793620572
2010-07-10,217.605,15141.605,4.57,61364.0,10.3,8.9,140134.0,67.8,177700.0,177956.41793620572
2010-07-17,217.605,15141.605,4.57,61364.0,10.3,8.9,140134.0,67.8,185000.0,177956.41793620572
2010-07-24,217.605,15141.605,4.56,61364.0,10.3,8.9,140134.0,67.8,181000.0,177956.41793620572
2010-07-31,217.605,15141.605,4.54,61364.0,10.3,8.9,140134.0,67.8,181000.0,177956.41793620572
2010-08-07,217.923,15141.605,4.49,61364.0,10.3,8.8,139919.0,68.9,176000.0,177010.06456586902
2010-08-14,217.923,15141.605,4.44,61364.0,10.3,8.8,139919.0,68.9,179900.0,177010.06456586902
2010-08-21,217.923,15141.605,4.42,61364.0,10.3,8.8,139919.0,68.9,180000.0,177010.06456586902
2010-08-28,217.923,15141.605,4.36,61364.0,10.3,8.8,139919.0,68.9,180000.0,177010.06456586902
2010-09-04,218.275,15141.605,4.32,61364.0,10.3,7.6,139715.0,68.2,178900.0,175655.85793911538
2010-09-11,218.275,15141.605,4.35,61364.0,10.3,7.6,139715.0,68.2,178000.0,175655.85793911538
2010-09-18,218.275,15141.605,4.37,61364.0,10.3,7.6,139715.0,68.2,174000.0,175655.85793911538
2010-09-25,218.275,15141.605,4.37,61364.0,10.3,7.6,139715.0,68.2,170000.0,175655.85793911538
2010-10-02,218.275,15141.605,4.32,61364.0,10.3,7.6,139715.0,68.2,172500.0,174445.1269695273
2010-10-09,219.035,15309.471,4.27,61364.0,9.4,8.2,139749.0,67.7,167000.0,174445.1269695273
2010-10-16,219.035,15309.471,4.19,61364.0,9.4,8.2,139749.0,67.7,167500.0,174445.1269695273
2010-10-23,219.035,15309.471,4.21,61364.0,9.4,8.2,139749.0,67.7,168000.0,174445.1269695273
2010-10-30,219.035,15309.471,4.23,61364.0,9.4,8.2,139749.0,67.7,170000.0,174445.1269695273
2010-11-06,219.59,15309.471,4.24,61364.0,9.4,8.2,139415.0,71.6,166000.0,173203.03518872103
2010-11-13,219.59,15309.471,4.17,61364.0,9.4,8.2,139415.0,71.6,168550.0,173203.03518872103
2010-11-20,219.59,15309.471,4.39,61364.0,9.4,8.2,139415.0,71.6,170000.0,173203.03518872103
2010-12-04,220.472,15309.471,4.46,61364.0,9.4,7.0,139159.0,74.5,170000.0,172104.04913565796
2010-12-11,220.472,15309.471,4.61,61364.0,9.4,7.0,139159.0,74.5,170000.0,172104.04913565796
2010-12-18,220.472,15309.471,4.83,61364.0,9.4,7.0,139159.0,74.5,172500.0,172104.04913565796
2010-12-25,220.472,15309.471,4.81,61364.0,9.4,7.0,139159.0,74.5,169000.0,172104.04913565796
2011-01-01,220.472,15309.471,4.86,61364.0,9.4,7.0,139159.0,74.5,165000.0,170923.5954216893
2011-01-08,221.187,15351.444,4.77,60428.0,9.7,7.3,137599.0,74.2,165000.0,170923.5954216893
2011-01-15,221.187,15351.444,4.71,60428.0,9.7,7.3,137599.0,74.2,169000.0,170923.5954216893
2011-01-22,221.187,15351.444,4.74,60428.0,9.7,7.3,137599.0,74.2,163000.0,170923.5954216893
2011-01-29,221.187,15351.444,4.8,60428.0,9.7,7.3,137599.0,74.2,160225.0,170923.5954216893
2011-02-05,221.898,15351.444,4.81,60428.0,9.7,8.1,138093.0,77.5,165000.0,170081.25595401728
2011-02-12,221.898,15351.444,5.05,60428.0,9.7,8.1,138093.0,77.5,155500.0,170081.25595401728
2011-02-19,221.898,15351.444,5.0,60428.0,9.7,8.1,138093.0,77.5,162500.0,170081.25595401728
2011-02-26,221.898,15351.444,4.95,60428.0,9.7,8.1,138093.0,77.5,163500.0,170081.25595401728
2011-03-05,223.046,15351.444,4.87,60428.0,9.7,7.2,138962.0,67.5,164000.0,169482.58347282535
2011-03-12,223.046,15351.444,4.88,60428.0,9.7,7.2,138962.0,67.5,160000.0,169482.58347282535
2011-03-19,223.046,15351.444,4.76,60428.0,9.7,7.2,138962.0,67.5,160000.0,169482.58347282535
2011-03-26,223.046,15351.444,4.81,60428.0,9.7,7.2,138962.0,67.5,158000.0,169482.58347282535
2011-04-02,223.046,15351.444,4.86,60428.0,9.7,7.2,138962.0,67.5,165000.0,168667.74989077105
2011-04-09,224.093,15557.535,4.87,60428.0,9.2,6.7,139661.0,69.8,160000.0,168667.74989077105
2011-04-16,224.093,15557.535,4.91,60428.0,9.2,6.7,139661.0,69.8,160000.0,168667.74989077105
2011-04-23,224.093,15557.535,4.8,60428.0,9.2,6.7,139661.0,69.8,162500.0,168667.74989077105
2011-04-30,224.093,15557.535,4.78,60428.0,9.2,6.7,139661.0,69.8,165000.0,168667.74989077105
2011-05-07,224.806,15557.535,4.71,60428.0,9.2,6.6,140028.0,74.3,164464.0,168042.9427197429
2011-05-14,224.806,15557.535,4.63,60428.0,9.2,6.6,140028.0,74.3,164900.0,168042.9427197429
2011-05-21,224.806,15557.535,4.61,60428.0,9.2,6.6,140028.0,74.3,167000.0,168042.9427197429
2011-05-28,224.806,15557.535,4.6,60428.0,9.2,6.6,140028.0,74.3,170000.0,168042.9427197429
2011-06-04,224.806,15557.535,4.55,60428.0,9.2,6.6,140129.0,71.5,170000.0,167586.3198991673
2011-06-11,224.806,15557.535,4.49,60428.0,9.2,6.6,140129.0,71.5,167500.0,167586.3198991673
2011-06-18,224.806,15557.535,4.5,60428.0,9.2,6.6,140129.0,71.5,172000.0,167586.3198991673
2011-06-25,224.806,15557.535,4.5,60428.0,9.2,6.6,140129.0,71.5,172500.0,167586.3198991673
2011-07-02,224.806,15557.535,4.51,60428.0,9.2,6.6,140129.0,71.5,179000.0,167171.43624509068
2011-07-09,225.395,15647.681,4.6,60428.0,9.8,6.7,140384.0,63.7,170000.0,167171.43624509068
2011-07-16,225.395,15647.681,4.51,60428.0,9.8,6.7,140384.0,63.7,172000.0,167171.43624509068
2011-07-23,225.395,15647.681,4.52,60428.0,9.8,6.7,140384.0,63.7,170000.0,167171.43624509068
2011-07-30,225.395,15647.681,4.55,60428.0,9.8,6.7,140384.0,63.7,170000.0,167171.43624509068
2011-08-06,226.106,15647.681,4.39,60428.0,9.8,6.5,140335.0,55.8,167450.0,166610.89622847762
2011-08-13,226.106,15647.681,4.32,60428.0,9.8,6.5,140335.0,55.8,169900.0,166610.89622847762
2011-08-20,226.106,15647.681,4.15,60428.0,9.8,6.5,140335.0,55.8,170000.0,166610.89622847762
2011-08-27,226.106,15647.681,4.22,60428.0,9.8,6.5,140335.0,55.8,166000.0,166610.89622847762
2011-09-03,226.597,15647.681,4.22,60428.0,9.8,6.3,140502.0,59.5,167000.0,166086.35006316373
2011-09-10,226.597,15647.681,4.12,60428.0,9.8,6.3,140502.0,59.5,160000.0,166086.35006316373
2011-09-17,226.597,15647.681,4.09,60428.0,9.8,6.3,140502.0,59.5,164500.0,166086.35006316373
2011-09-24,226.597,15647.681,4.09,60428.0,9.8,6.3,140502.0,59.5,160000.0,166086.35006316373
2011-10-01,226.597,15647.681,4.01,60428.0,9.8,6.3,140502.0,59.5,164900.0,165382.29162265145
2011-10-08,226.75,15842.267,3.94,60428.0,9.4,6.0,140987.0,60.8,158000.0,165382.29162265145
2011-10-15,226.75,15842.267,4.12,60428.0,9.4,6.0,140987.0,60.8,160000.0,165382.29162265145
2011-10-22,226.75,15842.267,4.11,60428.0,9.4,6.0,140987.0,60.8,160000.0,165382.29162265145
2011-10-29,226.75,15842.267,4.1,60428.0,9.4,6.0,140987.0,60.8,160000.0,165382.29162265145
2011-11-05,227.169,15842.267,4.0,60428.0,9.4,5.7,141070.0,63.7,159000.0,164892.75160226945
2011-11-12,227.169,15842.267,3.99,60428.0,9.4,5.7,141070.0,63.7,156500.0,164892.75160226945
2011-11-19,227.169,15842.267,4.0,60428.0,9.4,5.7,141070.0,63.7,160000.0,164892.75160226945
2011-12-03,227.223,15842.267,4.0,60428.0,9.4,5.3,140681.0,69.9,161000.0,164431.11094369087
2011-12-10,227.223,15842.267,3.99,60428.0,9.4,5.3,140681.0,69.9,156000.0,164431.11094369087
2011-12-17,227.223,15842.267,3.94,60428.0,9.4,5.3,140681.0,69.9,161000.0,164431.11094369087
2011-12-24,227.223,15842.267,3.91,60428.0,9.4,5.3,140681.0,69.9,158000.0,164431.11094369087
2011-12-31,227.223,15842.267,3.95,60428.0,9.4,5.3,140681.0,69.9,155000.0,164431.11094369087
2012-01-07,227.842,16068.824,3.91,60313.0,8.8,5.3,139944.0,75.0,155000.0,164166.51526250248
2012-01-14,227.842,16068.824,3.89,60313.0,8.8,5.3,139944.0,75.0,155000.0,164166.51526250248
2012-01-21,227.842,16068.824,3.88,60313.0,8.8,5.3,139944.0,75.0,156000.0,164166.51526250248
2012-01-28,227.842,16068.824,3.98,60313.0,8.8,5.3,139944.0,75.0,153000.0,164166.51526250248
2012-02-04,228.329,16068.824,3.87,60313.0,8.8,4.8,140684.0,75.3,153000.0,164164.62820088377
2012-02-11,228.329,16068.824,3.87,60313.0,8.8,4.8,140684.0,75.3,149900.0,164164.62820088377
2012-02-18,228.329,16068.824,3.87,60313.0,8.8,4.8,140684.0,75.3,152500.0,164164.62820088377
2012-02-25,228.329,16068.824,3.95,60313.0,8.8,4.8,140684.0,75.3,152925.0,164164.62820088377
2012-03-03,228.807,16068.824,3.9,60313.0,8.8,4.9,141412.0,76.2,159000.0,164958.03055736804
2012-03-10,228.807,16068.824,3.88,60313.0,8.8,4.9,141412.0,76.2,157000.0,164958.03055736804
2012-03-17,228.807,16068.824,3.92,60313.0,8.8,4.9,141412.0,76.2,160000.0,164958.03055736804
2012-03-24,228.807,16068.824,4.08,60313.0,8.8,4.9,141412.0,76.2,158000.0,164958.03055736804
2012-03-31,228.807,16068.824,3.99,60313.0,8.8,4.9,141412.0,76.2,162500.0,164958.03055736804
2012-04-07,229.187,16207.13,3.98,60313.0,8.6,4.9,141995.0,76.4,165000.0,165643.60049820575
2012-04-14,229.187,16207.13,3.88,60313.0,8.6,4.9,141995.0,76.4,161000.0,165643.60049820575
2012-04-21,229.187,16207.13,3.9,60313.0,8.6,4.9,141995.0,76.4,165000.0,165643.60049820575
2012-04-28,229.187,16207.13,3.88,60313.0,8.6,4.9,141995.0,76.4,167000.0,165643.60049820575
2012-05-05,228.713,16207.13,3.84,60313.0,8.6,4.7,142727.0,79.3,171000.0,166390.68961604356
2012-05-12,228.713,16207.13,3.83,60313.0,8.6,4.7,142727.0,79.3,168000.0,166390.68961604356
2012-05-19,228.713,16207.13,3.79,60313.0,8.6,4.7,142727.0,79.3,170000.0,166390.68961604356
2012-05-26,228.713,16207.13,3.78,60313.0,8.6,4.7,142727.0,79.3,170000.0,166390.68961604356
2012-06-02,228.713,16207.13,3.75,60313.0,8.6,4.7,142727.0,79.3,180000.0,167059.28773497546
2012-06-09,228.524,16207.13,3.67,60313.0,8.6,4.8,143202.0,73.2,175000.0,167059.28773497546
2012-06-16,228.524,16207.13,3.71,60313.0,8.6,4.8,143202.0,73.2,179500.0,167059.28773497546
2012-06-23,228.524,16207.13,3.66,60313.0,8.6,4.8,143202.0,73.2,179000.0,167059.28773497546
2012-06-30,228.524,16207.13,3.66,60313.0,8.6,4.8,143202.0,73.2,180500.0,167059.28773497546
2012-07-07,228.59,16319.54,3.62,60313.0,8.6,4.6,143126.0,72.3,177000.0,167569.6353423857
2012-07-14,228.59,16319.54,3.56,60313.0,8.6,4.6,143126.0,72.3,179000.0,167569.6353423857
2012-07-21,228.59,16319.54,3.53,60313.0,8.6,4.6,143126.0,72.3,178000.0,167569.6353423857
2012-07-28,228.59,16319.54,3.49,60313.0,8.6,4.6,143126.0,72.3,176000.0,167569.6353423857
2012-08-04,229.918,16319.54,3.55,60313.0,8.6,4.6,142558.0,74.3,179900.0,167997.35697549375
2012-08-11,229.918,16319.54,3.59,60313.0,8.6,4.6,142558.0,74.3,175000.0,167997.35697549375
2012-08-18,229.918,16319.54,3.62,60313.0,8.6,4.6,142558.0,74.3,177000.0,167997.35697549375
2012-08-25,229.918,16319.54,3.66,60313.0,8.6,4.6,142558.0,74.3,175000.0,167997.35697549375
2012-09-01,229.918,16319.54,3.59,60313.0,8.6,4.6,142558.0,74.3,178000.0,168482.5124528129
2012-09-08,231.015,16319.54,3.55,60313.0,8.6,4.5,143333.0,78.3,170000.0,168482.5124528129
2012-09-15,231.015,16319.54,3.55,60313.0,8.6,4.5,143333.0,78.3,172000.0,168482.5124528129
2012-09-22,231.015,16319.54,3.49,60313.0,8.6,4.5,143333.0,78.3,170000.0,168482.5124528129
2012-09-29,231.015,16319.54,3.4,60313.0,8.6,4.5,143333.0,78.3,171000.0,168482.5124528129
2012-10-06,231.638,16420.386,3.36,60313.0,8.7,4.9,144039.0,82.6,170000.0,169064.25165298267
2012-10-13,231.638,16420.386,3.39,60313.0,8.7,4.9,144039.0,82.6,169000.0,169064.25165298267
2012-10-20,231.638,16420.386,3.37,60313.0,8.7,4.9,144039.0,82.6,170000.0,169064.25165298267
2012-10-27,231.638,16420.386,3.41,60313.0,8.7,4.9,144039.0,82.6,168000.0,169064.25165298267
2012-11-03,231.249,16420.386,3.39,60313.0,8.7,4.6,143549.0,82.7,167500.0,169714.55413482306
2012-11-10,231.249,16420.386,3.4,60313.0,8.7,4.6,143549.0,82.7,168800.0,169714.55413482306
2012-11-17,231.249,16420.386,3.34,60313.0,8.7,4.6,143549.0,82.7,172500.0,169714.55413482306
2012-12-01,231.249,16420.386,3.32,60313.0,8.7,4.6,143549.0,82.7,175000.0,170411.41257445578
2012-12-08,231.221,16420.386,3.34,60313.0,8.7,4.5,143060.0,72.9,170000.0,170411.41257445578
2012-12-15,231.221,16420.386,3.32,60313.0,8.7,4.5,143060.0,72.9,171000.0,170411.41257445578
2012-12-22,231.221,16420.386,3.37,60313.0,8.7,4.5,143060.0,72.9,171900.0,170411.41257445578
2012-12-29,231.221,16420.386,3.35,60313.0,8.7,4.5,143060.0,72.9,175000.0,170411.41257445578
2013-01-05,231.679,16629.05,3.34,62425.0,8.6,4.0,141614.0,73.8,170000.0,171439.86316973687
2013-01-12,231.679,16629.05,3.4,62425.0,8.6,4.0,141614.0,73.8,167500.0,171439.86316973687
2013-01-19,231.679,16629.05,3.38,62425.0,8.6,4.0,141614.0,73.8,167000.0,171439.86316973687
2013-01-26,231.679,16629.05,3.42,62425.0,8.6,4.0,141614.0,73.8,160000.0,171439.86316973687
2013-02-02,231.679,16629.05,3.53,62425.0,8.6,4.0,141614.0,73.8,167500.0,172555.45125184552
2013-02-09,232.937,16629.05,3.53,62425.0,8.6,4.1,142228.0,77.6,159500.0,172555.45125184552
2013-02-16,232.937,16629.05,3.53,62425.0,8.6,4.1,142228.0,77.6,165000.0,172555.45125184552
2013-02-23,232.937,16629.05,3.56,62425.0,8.6,4.1,142228.0,77.6,165000.0,172555.45125184552
2013-03-02,232.937,16629.05,3.51,62425.0,8.6,4.1,142228.0,77.6,174900.0,174180.1739621619
2013-03-09,232.282,16629.05,3.52,62425.0,8.6,4.2,142698.0,78.6,169900.0,174180.1739621619
2013-03-16,232.282,16629.05,3.63,62425.0,8.6,4.2,142698.0,78.6,172900.0,174180.1739621619
2013-03-23,232.282,16629.05,3.54,62425.0,8.6,4.2,142698.0,78.6,174000.0,174180.1739621619
2013-03-30,232.282,16629.05,3.57,62425.0,8.6,4.2,142698.0,78.6,180000.0,174180.1739621619
2013-04-06,231.797,16699.551,3.54,62425.0,8.2,4.4,143724.0,76.4,175000.0,175759.23343024755
2013-04-13,231.797,16699.551,3.43,62425.0,8.2,4.4,143724.0,76.4,175100.0,175759.23343024755
2013-04-20,231.797,16699.551,3.41,62425.0,8.2,4.4,143724.0,76.4,178000.0,175759.23343024755
2013-04-27,231.797,16699.551,3.4,62425.0,8.2,4.4,143724.0,76.4,180000.0,175759.23343024755
2013-05-04,231.893,16699.551,3.35,62425.0,8.2,4.6,144432.0,84.5,185000.0,177395.92195479275
2013-05-11,231.893,16699.551,3.42,62425.0,8.2,4.6,144432.0,84.5,182400.0,177395.92195479275
2013-05-18,231.893,16699.551,3.51,62425.0,8.2,4.6,144432.0,84.5,188500.0,177395.92195479275
2013-05-25,231.893,16699.551,3.59,62425.0,8.2,4.6,144432.0,84.5,185000.0,177395.92195479275
2013-06-01,231.893,16699.551,3.81,62425.0,8.2,4.6,144432.0,84.5,194000.0,179013.30953373195
2013-06-08,232.445,16699.551,3.91,62425.0,8.2,4.1,144841.0,84.1,189900.0,179013.30953373195
2013-06-15,232.445,16699.551,3.98,62425.0,8.2,4.1,144841.0,84.1,195000.0,179013.30953373195
2013-06-22,232.445,16699.551,3.93,62425.0,8.2,4.1,144841.0,84.1,195000.0,179013.30953373195
2013-06-29,232.445,16699.551,4.46,62425.0,8.2,4.1,144841.0,84.1,200000.0,179013.30953373195
2013-07-13,232.9,16911.068,4.51,62425.0,8.3,5.5,145113.0,85.1,197000.0,180325.909474158
2013-07-20,232.9,16911.068,4.37,62425.0,8.3,5.5,145113.0,85.1,198900.0,180325.909474158
2013-07-27,232.9,16911.068,4.31,62425.0,8.3,5.5,145113.0,85.1,195000.0,180325.909474158
2013-08-03,233.456,16911.068,4.39,62425.0,8.3,5.5,144509.0,82.1,197000.0,181365.66112875
2013-08-10,233.456,16911.068,4.4,62425.0,8.3,5.5,144509.0,82.1,190191.0,181365.66112875
2013-08-17,233.456,16911.068,4.4,62425.0,8.3,5.5,144509.0,82.1,195000.0,181365.66112875
2013-08-24,233.456,16911.068,4.58,62425.0,8.3,5.5,144509.0,82.1,192000.0,181365.66112875
2013-08-31,233.456,16911.068,4.51,62425.0,8.3,5.5,144509.0,82.1,194000.0,181365.66112875
2013-09-07,233.544,16911.068,4.57,62425.0,8.3,5.4,144651.0,77.5,187000.0,182423.35358466112
2013-09-14,233.544,16911.068,4.57,62425.0,8.3,5.4,144651.0,77.5,185000.0,182423.35358466112
2013-09-21,233.544,16911.068,4.5,62425.0,8.3,5.4,144651.0,77.5,185000.0,182423.35358466112
2013-09-28,233.544,16911.068,4.32,62425.0,8.3,5.4,144651.0,77.5,185000.0,182423.35358466112
2013-10-05,233.669,17133.114,4.22,62425.0,8.2,4.9,144144.0,73.2,185000.0,183390.8491017789
2013-10-12,233.669,17133.114,4.23,62425.0,8.2,4.9,144144.0,73.2,184500.0,183390.8491017789
2013-10-19,233.669,17133.114,4.28,62425.0,8.2,4.9,144144.0,73.2,187000.0,183390.8491017789
2013-10-26,233.669,17133.114,4.13,62425.0,8.2,4.9,144144.0,73.2,184000.0,183390.8491017789
2013-11-02,233.669,17133.114,4.1,62425.0,8.2,4.9,144144.0,73.2,184000.0,184041.8562222157
2013-11-09,234.1,17133.114,4.16,62425.0,8.2,5.0,144775.0,75.1,179000.0,184041.8562222157
2013-11-16,234.1,17133.114,4.35,62425.0,8.2,5.0,144775.0,75.1,180000.0,184041.8562222157
2013-11-23,234.1,17133.114,4.22,62425.0,8.2,5.0,144775.0,75.1,182500.0,184041.8562222157
2013-12-07,234.719,17133.114,4.46,62425.0,8.2,5.2,144423.0,82.5,185000.0,184915.52194547091
2013-12-14,234.719,17133.114,4.42,62425.0,8.2,5.2,144423.0,82.5,185000.0,184915.52194547091
2013-12-21,234.719,17133.114,4.47,62425.0,8.2,5.2,144423.0,82.5,186900.0,184915.52194547091
2013-12-28,234.719,17133.114,4.48,62425.0,8.2,5.2,144423.0,82.5,180000.0,184915.52194547091
2014-01-04,235.288,17144.281,4.53,61468.0,8.3,5.1,143526.0,81.2,178500.0,185807.3759861023
2014-01-11,235.288,17144.281,4.51,61468.0,8.3,5.1,143526.0,81.2,184000.0,185807.3759861023
2014-01-18,235.288,17144.281,4.41,61468.0,8.3,5.1,143526.0,81.2,180000.0,185807.3759861023
2014-01-25,235.288,17144.281,4.39,61468.0,8.3,5.1,143526.0,81.2,173000.0,185807.3759861023
2014-02-01,235.288,17144.281,4.32,61468.0,8.3,5.1,143526.0,81.2,180000.0,186720.50362792937
2014-02-08,235.547,17144.281,4.23,61468.0,8.3,5.3,144134.0,81.6,174456.0,186720.50362792937
2014-02-15,235.547,17144.281,4.28,61468.0,8.3,5.3,144134.0,81.6,176000.0,186720.50362792937
2014-02-22,235.547,17144.281,4.33,61468.0,8.3,5.3,144134.0,81.6,177500.0,186720.50362792937
2014-03-01,235.547,17144.281,4.37,61468.0,8.3,5.3,144134.0,81.6,180000.0,187534.09247104204
2014-03-08,236.028,17144.281,4.28,61468.0,8.3,5.6,145090.0,80.0,180000.0,187534.09247104204
2014-03-15,236.028,17144.281,4.37,61468.0,8.3,5.6,145090.0,80.0,182500.0,187534.09247104204
2014-03-22,236.028,17144.281,4.32,61468.0,8.3,5.6,145090.0,80.0,181000.0,187534.09247104204
2014-03-29,236.028,17144.281,4.4,61468.0,8.3,5.6,145090.0,80.0,185000.0,187534.09247104204
2014-04-05,236.468,17462.703,4.41,61468.0,7.5,5.7,145767.0,84.1,185000.0,188459.1659270227
2014-04-12,236.468,17462.703,4.34,61468.0,7.5,5.7,145767.0,84.1,185000.0,188459.1659270227
2014-04-19,236.468,17462.703,4.27,61468.0,7.5,5.7,145767.0,84.1,189900.0,188459.1659270227
2014-04-26,236.468,17462.703,4.33,61468.0,7.5,5.7,145767.0,84.1,187000.0,188459.1659270227
2014-05-03,236.918,17462.703,4.29,61468.0,7.5,5.2,146398.0,81.9,192284.0,189473.78627099213
2014-05-10,236.918,17462.703,4.21,61468.0,7.5,5.2,146398.0,81.9,190000.0,189473.78627099213
2014-05-17,236.918,17462.703,4.2,61468.0,7.5,5.2,146398.0,81.9,192638.0,189473.78627099213
2014-05-24,236.918,17462.703,4.14,61468.0,7.5,5.2,146398.0,81.9,194000.0,189473.78627099213
2014-05-31,236.918,17462.703,4.12,61468.0,7.5,5.2,146398.0,81.9,198000.0,189473.78627099213
2014-06-07,237.231,17462.703,4.14,61468.0,7.5,5.7,147104.0,82.5,195000.0,190244.7793048104
2014-06-14,237.231,17462.703,4.2,61468.0,7.5,5.7,147104.0,82.5,199900.0,190244.7793048104
2014-06-21,237.231,17462.703,4.17,61468.0,7.5,5.7,147104.0,82.5,200000.0,190244.7793048104
2014-06-28,237.231,17462.703,4.14,61468.0,7.5,5.7,147104.0,82.5,204900.0,190244.7793048104
2014-07-05,237.498,17743.227,4.12,61468.0,7.4,6.2,147265.0,81.8,203125.0,190603.8044387373
2014-07-12,237.498,17743.227,4.15,61468.0,7.4,6.2,147265.0,81.8,200000.0,190603.8044387373
2014-07-19,237.498,17743.227,4.13,61468.0,7.4,6.2,147265.0,81.8,203000.0,190603.8044387373
2014-07-26,237.498,17743.227,4.13,61468.0,7.4,6.2,147265.0,81.8,197500.0,190603.8044387373
2014-08-02,237.498,17743.227,4.12,61468.0,7.4,6.2,147265.0,81.8,200000.0,190711.3555944556
2014-08-09,237.46,17743.227,4.14,61468.0,7.4,5.4,146647.0,82.5,199000.0,190711.3555944556
2014-08-16,237.46,17743.227,4.12,61468.0,7.4,5.4,146647.0,82.5,198524.0,190711.3555944556
2014-08-23,237.46,17743.227,4.1,61468.0,7.4,5.4,146647.0,82.5,197000.0,190711.3555944556
2014-08-30,237.46,17743.227,4.1,61468.0,7.4,5.4,146647.0,82.5,200000.0,190711.3555944556
2014-09-06,237.477,17743.227,4.1,61468.0,7.4,5.4,146941.0,84.6,193000.0,191042.66191116028
2014-09-13,237.477,17743.227,4.12,61468.0,7.4,5.4,146941.0,84.6,194000.0,191042.66191116028
2014-09-20,237.477,17743.227,4.23,61468.0,7.4,5.4,146941.0,84.6,190760.0,191042.66191116028
2014-09-27,237.477,17743.227,4.2,61468.0,7.4,5.4,146941.0,84.6,189000.0,191042.66191116028
2014-10-04,237.43,17852.54,4.19,61468.0,7.0,5.3,147936.0,86.9,190000.0,191654.6729204607
2014-10-11,237.43,17852.54,4.12,61468.0,7.0,5.3,147936.0,86.9,189900.0,191654.6729204607
2014-10-18,237.43,17852.54,3.97,61468.0,7.0,5.3,147936.0,86.9,190000.0,191654.6729204607
2014-10-25,237.43,17852.54,3.92,61468.0,7.0,5.3,147936.0,86.9,187500.0,191654.6729204607
2014-11-01,237.43,17852.54,3.98,61468.0,7.0,5.3,147936.0,86.9,190000.0,192208.1790862466
2014-11-08,236.983,17852.54,4.02,61468.0,7.0,5.7,147666.0,88.8,187000.0,192208.1790862466
2014-11-15,236.983,17852.54,4.01,61468.0,7.0,5.7,147666.0,88.8,191675.0,192208.1790862466
2014-11-22,236.983,17852.54,3.99,61468.0,7.0,5.7,147666.0,88.8,193000.0,192208.1790862466
2014-12-06,236.252,17852.54,3.89,61468.0,7.0,5.1,147190.0,93.6,191000.0,192853.03712355337
2014-12-13,236.252,17852.54,3.93,61468.0,7.0,5.1,147190.0,93.6,191000.0,192853.03712355337
2014-12-20,236.252,17852.54,3.8,61468.0,7.0,5.1,147190.0,93.6,196000.0,192853.03712355337
2015-01-03,234.747,17991.348,3.87,64631.0,7.1,4.8,146552.0,98.1,186000.0,193495.56947551083
2015-01-10,234.747,17991.348,3.73,64631.0,7.1,4.8,146552.0,98.1,190000.0,193495.56947551083
2015-01-17,234.747,17991.348,3.66,64631.0,7.1,4.8,146552.0,98.1,188000.0,193495.56947551083
2015-01-24,234.747,17991.348,3.63,64631.0,7.1,4.8,146552.0,98.1,184970.0,193495.56947551083
2015-01-31,234.747,17991.348,3.66,64631.0,7.1,4.8,146552.0,98.1,183900.0,193495.56947551083
2015-02-07,235.342,17991.348,3.59,64631.0,7.1,4.5,147118.0,95.4,180000.0,194519.171385008
2015-02-14,235.342,17991.348,3.69,64631.0,7.1,4.5,147118.0,95.4,186000.0,194519.171385008
2015-02-21,235.342,17991.348,3.76,64631.0,7.1,4.5,147118.0,95.4,189000.0,194519.171385008
2015-02-28,235.342,17991.348,3.8,64631.0,7.1,4.5,147118.0,95.4,195000.0,194519.171385008
2015-03-07,235.976,17991.348,3.75,64631.0,7.1,5.1,147635.0,93.0,193000.0,195920.83547207428
2015-03-14,235.976,17991.348,3.86,64631.0,7.1,5.1,147635.0,93.0,194000.0,195920.83547207428
2015-03-21,235.976,17991.348,3.78,64631.0,7.1,5.1,147635.0,93.0,195000.0,195920.83547207428
2015-03-28,235.976,17991.348,3.69,64631.0,7.1,5.1,147635.0,93.0,195000.0,195920.83547207428
2015-04-04,236.222,18193.707,3.7,64631.0,6.8,4.9,148587.0,95.9,200000.0,197131.43434295684
2015-04-11,236.222,18193.707,3.66,64631.0,6.8,4.9,148587.0,95.9,197000.0,197131.43434295684
2015-04-18,236.222,18193.707,3.67,64631.0,6.8,4.9,148587.0,95.9,200000.0,197131.43434295684
2015-04-25,236.222,18193.707,3.65,64631.0,6.8,4.9,148587.0,95.9,198918.0,197131.43434295684
2015-05-02,236.222,18193.707,3.68,64631.0,6.8,4.9,148587.0,95.9,204000.0,198369.7977874963
2015-05-09,237.001,18193.707,3.8,64631.0,6.8,5.0,149349.0,90.7,203000.0,198369.7977874963
2015-05-16,237.001,18193.707,3.85,64631.0,6.8,5.0,149349.0,90.7,206000.0,198369.7977874963
2015-05-23,237.001,18193.707,3.84,64631.0,6.8,5.0,149349.0,90.7,209000.0,198369.7977874963
2015-05-30,237.001,18193.707,3.87,64631.0,6.8,5.0,149349.0,90.7,212500.0,198369.7977874963
2015-06-06,237.657,18193.707,3.87,64631.0,6.8,5.4,149645.0,96.1,210000.0,199204.7215879047
2015-06-13,237.657,18193.707,4.04,64631.0,6.8,5.4,149645.0,96.1,212500.0,199204.7215879047
2015-06-20,237.657,18193.707,4.0,64631.0,6.8,5.4,149645.0,96.1,215000.0,199204.7215879047
2015-06-27,237.657,18193.707,4.02,64631.0,6.8,5.4,149645.0,96.1,215000.0,199204.7215879047
2015-07-04,238.034,18306.96,4.08,64631.0,7.3,5.2,149722.0,93.1,215000.0,199717.0134439352
2015-07-11,238.034,18306.96,4.04,64631.0,7.3,5.2,149722.0,93.1,211000.0,199717.0134439352
2015-07-18,238.034,18306.96,4.09,64631.0,7.3,5.2,149722.0,93.1,215000.0,199717.0134439352
2015-07-25,238.034,18306.96,4.04,64631.0,7.3,5.2,149722.0,93.1,209500.0,199717.0134439352
2015-08-01,238.034,18306.96,3.98,64631.0,7.3,5.2,149722.0,93.1,212000.0,200430.6513759803
2015-08-08,238.033,18306.96,3.91,64631.0,7.3,5.0,149228.0,91.9,209000.0,200430.6513759803
2015-08-15,238.033,18306.96,3.94,64631.0,7.3,5.0,149228.0,91.9,210000.0,200430.6513759803
2015-08-22,238.033,18306.96,3.93,64631.0,7.3,5.0,149228.0,91.9,209719.0,200430.6513759803
2015-08-29,238.033,18306.96,3.84,64631.0,7.3,5.0,149228.0,91.9,206000.0,200430.6513759803
2015-09-05,237.498,18306.96,3.89,64631.0,7.3,5.9,148980.0,87.2,205000.0,201014.20051268575
2015-09-12,237.498,18306.96,3.9,64631.0,7.3,5.9,148980.0,87.2,202500.0,201014.20051268575
2015-09-19,237.498,18306.96,3.91,64631.0,7.3,5.9,148980.0,87.2,204500.0,201014.20051268575
2015-09-26,237.498,18306.96,3.86,64631.0,7.3,5.9,148980.0,87.2,200000.0,201014.20051268575
2015-10-03,237.733,18332.079,3.85,64631.0,7.0,5.6,149716.0,90.0,200000.0,201537.5202754547
2015-10-10,237.733,18332.079,3.76,64631.0,7.0,5.6,149716.0,90.0,198000.0,201537.5202754547
2015-10-17,237.733,18332.079,3.82,64631.0,7.0,5.6,149716.0,90.0,200000.0,201537.5202754547
2015-10-24,237.733,18332.079,3.79,64631.0,7.0,5.6,149716.0,90.0,199000.0,201537.5202754547
2015-10-31,237.733,18332.079,3.76,64631.0,7.0,5.6,149716.0,90.0,200000.0,201537.5202754547
2015-11-07,238.017,18332.079,3.87,64631.0,7.0,5.5,149766.0,91.3,195000.0,202160.99690623404
2015-11-14,238.017,18332.079,3.98,64631.0,7.0,5.5,149766.0,91.3,195500.0,202160.99690623404
2015-11-21,238.017,18332.079,3.97,64631.0,7.0,5.5,149766.0,91.3,201000.0,202160.99690623404
2015-12-05,237.761,18332.079,3.93,64631.0,7.0,5.1,149703.0,92.6,205000.0,203256.9981443768
2015-12-12,237.761,18332.079,3.95,64631.0,7.0,5.1,149703.0,92.6,205000.0,203256.9981443768
2015-12-19,237.761,18332.079,3.97,64631.0,7.0,5.1,149703.0,92.6,205000.0,203256.9981443768
2015-12-26,237.761,18332.079,3.96,64631.0,7.0,5.1,149703.0,92.6,200000.0,203256.9981443768
2016-01-02,237.761,18332.079,4.01,64631.0,7.0,5.1,149703.0,92.6,200000.0,204119.1224641631
2016-01-09,237.652,18425.306,3.97,66657.0,7.0,5.6,149037.0,92,196000.0,204119.1224641631
2016-01-16,237.652,18425.306,3.92,66657.0,7.0,5.6,149037.0,92,200000.0,204119.1224641631
2016-01-23,237.652,18425.306,3.81,66657.0,7.0,5.6,149037.0,92,199000.0,204119.1224641631
2016-01-30,237.652,18425.306,3.79,66657.0,7.0,5.6,149037.0,92,195000.0,204119.1224641631
2016-02-06,237.336,18425.306,3.72,66657.0,7.0,5.5,150060.0,91.7,191877.0,205229.8253715705
2016-02-13,237.336,18425.306,3.65,66657.0,7.0,5.5,150060.0,91.7,192325.0,205229.8253715705
2016-02-20,237.336,18425.306,3.65,66657.0,7.0,5.5,150060.0,91.7,195000.0,205229.8253715705
2016-02-27,237.336,18425.306,3.62,66657.0,7.0,5.5,150060.0,91.7,196400.0,205229.8253715705
2016-03-05,238.08,18425.306,3.64,66657.0,7.0,5.5,150738.0,91,199500.0,206400.4284323237
2016-03-12,238.08,18425.306,3.68,66657.0,7.0,5.5,150738.0,91,200000.0,206400.4284323237
2016-03-19,238.08,18425.306,3.73,66657.0,7.0,5.5,150738.0,91,200000.0,206400.4284323237
2016-03-26,238.08,18425.306,3.71,66657.0,7.0,5.5,150738.0,91,203850.0,206400.4284323237
2016-04-02,238.08,18425.306,3.71,66657.0,7.0,5.5,150738.0,91,205000.0,207950.48706928425
2016-04-09,238.992,18611.617,3.59,66657.0,6.7,5.0,151075.0,89,205000.0,207950.48706928425
2016-04-16,238.992,18611.617,3.58,66657.0,6.7,5.0,151075.0,89,209000.0,207950.48706928425
2016-04-23,238.992,18611.617,3.59,66657.0,6.7,5.0,151075.0,89,210000.0,207950.48706928425
2016-04-30,238.992,18611.617,3.66,66657.0,6.7,5.0,151075.0,89,212000.0,207950.48706928425
2016-05-07,239.557,18611.617,3.61,66657.0,6.7,5.1,151594.0,94.7,210000.0,209195.93700604816
2016-05-14,239.557,18611.617,3.57,66657.0,6.7,5.1,151594.0,94.7,212500.0,209195.93700604816
2016-05-21,239.557,18611.617,3.58,66657.0,6.7,5.1,151594.0,94.7,215000.0,209195.93700604816
2016-05-28,239.557,18611.617,3.64,66657.0,6.7,5.1,151594.0,94.7,217950.0,209195.93700604816
2016-06-04,240.222,18611.617,3.66,66657.0,6.7,5.3,151990.0,93.5,220000.0,210208.27574566304
2016-06-11,240.222,18611.617,3.6,66657.0,6.7,5.3,151990.0,93.5,219900.0,210208.27574566304
2016-06-18,240.222,18611.617,3.54,66657.0,6.7,5.3,151990.0,93.5,223450.0,210208.27574566304
2016-06-25,240.222,18611.617,3.56,66657.0,6.7,5.3,151990.0,93.5,223000.0,210208.27574566304
2016-07-02,240.222,18611.617,3.48,66657.0,6.7,5.3,151990.0,93.5,225000.0,210980.2356959092
2016-07-09,240.101,18775.459,3.41,66657.0,6.8,4.5,152437.0,90,220000.0,210980.2356959092
2016-07-16,240.101,18775.459,3.42,66657.0,6.8,4.5,152437.0,90,222000.0,210980.2356959092
2016-07-23,240.101,18775.459,3.45,66657.0,6.8,4.5,152437.0,90,219900.0,210980.2356959092
2016-07-30,240.101,18775.459,3.48,66657.0,6.8,4.5,152437.0,90,220000.0,210980.2356959092
2016-08-06,240.545,18775.459,3.43,66657.0,6.8,5.0,151804.0,89.8,218000.0,211586.45192265796
2016-08-13,240.545,18775.459,3.45,66657.0,6.8,5.0,151804.0,89.8,218500.0,211586.45192265796
2016-08-20,240.545,18775.459,3.43,66657.0,6.8,5.0,151804.0,89.8,219900.0,211586.45192265796
2016-08-27,240.545,18775.459,3.43,66657.0,6.8,5.0,151804.0,89.8,218000.0,211586.45192265796
2016-09-03,241.176,18775.459,3.46,66657.0,6.8,5.2,151977.0,91.2,217000.0,212322.1989480357
2016-09-10,241.176,18775.459,3.44,66657.0,6.8,5.2,151977.0,91.2,215000.0,212322.1989480357
2016-09-17,241.176,18775.459,3.5,66657.0,6.8,5.2,151977.0,91.2,215000.0,212322.1989480357
2016-09-24,241.176,18775.459,3.48,66657.0,6.8,5.2,151977.0,91.2,214401.0,212322.1989480357
2016-10-01,241.176,18775.459,3.42,66657.0,6.8,5.2,151977.0,91.2,215000.0,213238.7472641579
2016-10-08,241.741,18968.041,3.42,66657.0,6.9,5.2,152335.0,87.2,212500.0,213238.7472641579
2016-10-15,241.741,18968.041,3.47,66657.0,6.9,5.2,152335.0,87.2,214000.0,213238.7472641579
2016-10-22,241.741,18968.041,3.52,66657.0,6.9,5.2,152335.0,87.2,213000.0,213238.7472641579
2016-10-29,241.741,18968.041,3.47,66657.0,6.9,5.2,152335.0,87.2,215000.0,213238.7472641579
2016-11-05,242.026,18968.041,3.54,66657.0,6.9,5.2,152385.0,93.8,211500.0,214272.31641878435
2016-11-12,242.026,18968.041,3.57,66657.0,6.9,5.2,152385.0,93.8,212500.0,214272.31641878435
2016-11-19,242.026,18968.041,3.94,66657.0,6.9,5.2,152385.0,93.8,216735.0,214272.31641878435
2016-12-03,242.637,18968.041,4.08,66657.0,6.9,5.4,151798.0,98.2,215000.0,215232.0891724293
2016-12-10,242.637,18968.041,4.13,66657.0,6.9,5.4,151798.0,98.2,214000.0,215232.0891724293
2016-12-17,242.637,18968.041,4.16,66657.0,6.9,5.4,151798.0,98.2,217500.0,215232.0891724293
2016-12-24,242.637,18968.041,4.3,66657.0,6.9,5.4,151798.0,98.2,212000.0,215232.0891724293
2016-12-31,242.637,18968.041,4.32,66657.0,6.9,5.4,151798.0,98.2,210000.0,215232.0891724293
2017-01-07,243.618,19148.194,4.2,67571.0,7.0,5.4,150527.0,98.5,210000.0,216229.66299125695
2017-01-14,243.618,19148.194,4.12,67571.0,7.0,5.4,150527.0,98.5,214000.0,216229.66299125695
2017-01-21,243.618,19148.194,4.09,67571.0,7.0,5.4,150527.0,98.5,210000.0,216229.66299125695
2017-01-28,243.618,19148.194,4.19,67571.0,7.0,5.4,150527.0,98.5,208000.0,216229.66299125695
2017-02-04,244.006,19148.194,4.19,67571.0,7.0,5.3,151594.0,96.3,207000.0,217614.02249248672
2017-02-11,244.006,19148.194,4.17,67571.0,7.0,5.3,151594.0,96.3,205000.0,217614.02249248672
2017-02-18,244.006,19148.194,4.15,67571.0,7.0,5.3,151594.0,96.3,210000.0,217614.02249248672
2017-02-25,244.006,19148.194,4.16,67571.0,7.0,5.3,151594.0,96.3,210000.0,217614.02249248672
2017-03-04,243.892,19148.194,4.1,67571.0,7.0,5.0,152628.0,96.9,215000.0,219243.3394767861
2017-03-11,243.892,19148.194,4.21,67571.0,7.0,5.0,152628.0,96.9,212000.0,219243.3394767861
2017-03-18,243.892,19148.194,4.3,67571.0,7.0,5.0,152628.0,96.9,215000.0,219243.3394767861
2017-03-25,243.892,19148.194,4.23,67571.0,7.0,5.0,152628.0,96.9,215000.0,219243.3394767861
2017-04-01,243.892,19148.194,4.14,67571.0,7.0,5.0,152628.0,96.9,219900.0,221025.30690595903
2017-04-08,244.193,19304.506,4.1,67571.0,7.3,5.4,153262.0,97,219000.0,221025.30690595903
2017-04-15,244.193,19304.506,4.08,67571.0,7.3,5.4,153262.0,97,223500.0,221025.30690595903
2017-04-22,244.193,19304.506,3.97,67571.0,7.3,5.4,153262.0,97,220000.0,221025.30690595903
2017-04-29,244.193,19304.506,4.03,67571.0,7.3,5.4,153262.0,97,225000.0,221025.30690595903
2017-05-06,244.004,19304.506,4.02,67571.0,7.3,5.1,153407.0,97.1,223000.0,222446.47525468943
2017-05-13,244.004,19304.506,4.05,67571.0,7.3,5.1,153407.0,97.1,224000.0,222446.47525468943
2017-05-20,244.004,19304.506,4.02,67571.0,7.3,5.1,153407.0,97.1,227000.0,222446.47525468943
2017-05-27,244.004,19304.506,3.95,67571.0,7.3,5.1,153407.0,97.1,228900.0,222446.47525468943
2017-06-03,244.163,19304.506,3.94,67571.0,7.3,5.3,154086.0,95,230500.0,223625.4394608577
2017-06-10,244.163,19304.506,3.89,67571.0,7.3,5.3,154086.0,95,232051.0,223625.4394608577
2017-06-17,244.163,19304.506,3.91,67571.0,7.3,5.3,154086.0,95,235000.0,223625.4394608577
2017-06-24,244.163,19304.506,3.9,67571.0,7.3,5.3,154086.0,95,232500.0,223625.4394608577
2017-07-01,244.163,19304.506,3.88,67571.0,7.3,5.3,154086.0,95,240000.0,224337.3073922175
2017-07-08,244.243,19561.896,3.96,67571.0,7.5,5.8,154470.0,93.4,230000.0,224337.3073922175
2017-07-15,244.243,19561.896,4.03,67571.0,7.5,5.8,154470.0,93.4,235000.0,224337.3073922175
2017-07-22,244.243,19561.896,3.96,67571.0,7.5,5.8,154470.0,93.4,232000.0,224337.3073922175
2017-07-29,244.243,19561.896,3.92,67571.0,7.5,5.8,154470.0,93.4,233500.0,224337.3073922175
2017-08-05,245.183,19561.896,3.93,67571.0,7.5,6.1,153576.0,96.8,230000.0,225117.80526397552
2017-08-12,245.183,19561.896,3.9,67571.0,7.5,6.1,153576.0,96.8,230000.0,225117.80526397552
2017-08-19,245.183,19561.896,3.89,67571.0,7.5,6.1,153576.0,96.8,232500.0,225117.80526397552
2017-08-26,245.183,19561.896,3.86,67571.0,7.5,6.1,153576.0,96.8,230000.0,225117.80526397552
2017-09-02,245.183,19561.896,3.82,67571.0,7.5,6.1,153576.0,96.8,230000.0,226141.82007402444
2017-09-09,246.435,19561.896,3.78,67571.0,7.5,5.3,154494.0,95.1,225000.0,226141.82007402444
2017-09-16,246.435,19561.896,3.78,67571.0,7.5,5.3,154494.0,95.1,229000.0,226141.82007402444
2017-09-23,246.435,19561.896,3.83,67571.0,7.5,5.3,154494.0,95.1,226800.0,226141.82007402444
2017-09-30,246.435,19561.896,3.83,67571.0,7.5,5.3,154494.0,95.1,228500.0,226141.82007402444
2017-10-07,246.626,19894.75,3.85,67571.0,6.9,5.5,154223.0,100.7,222000.0,227163.628633088
2017-10-14,246.626,19894.75,3.91,67571.0,6.9,5.5,154223.0,100.7,225000.0,227163.628633088
2017-10-21,246.626,19894.75,3.88,67571.0,6.9,5.5,154223.0,100.7,225000.0,227163.628633088
2017-10-28,246.626,19894.75,3.94,67571.0,6.9,5.5,154223.0,100.7,225000.0,227163.628633088
2017-11-04,247.284,19894.75,3.94,67571.0,6.9,4.8,154180.0,98.5,225000.0,228251.15771191704
2017-11-11,247.284,19894.75,3.9,67571.0,6.9,4.8,154180.0,98.5,224719.0,228251.15771191704
2017-11-18,247.284,19894.75,3.95,67571.0,6.9,4.8,154180.0,98.5,228000.0,228251.15771191704
2017-12-02,247.284,19894.75,3.9,67571.0,6.9,4.8,154180.0,98.5,229000.0,229543.99578028693
2017-12-09,247.805,19894.75,3.94,67571.0,6.9,5.6,153602.0,95.9,225000.0,229543.99578028693
2017-12-16,247.805,19894.75,3.93,67571.0,6.9,5.6,153602.0,95.9,227825.0,229543.99578028693
2017-12-23,247.805,19894.75,3.94,67571.0,6.9,5.6,153602.0,95.9,225000.0,229543.99578028693
2017-12-30,247.805,19894.75,3.99,67571.0,6.9,5.6,153602.0,95.9,227500.0,229543.99578028693
2018-01-06,248.743,20155.486,3.95,68168.0,7.0,5.7,152848.0,95.7,220000.0,230640.84404212137
2018-01-13,248.743,20155.486,3.99,68168.0,7.0,5.7,152848.0,95.7,225000.0,230640.84404212137
2018-01-20,248.743,20155.486,4.04,68168.0,7.0,5.7,152848.0,95.7,227500.0,230640.84404212137
2018-01-27,248.743,20155.486,4.15,68168.0,7.0,5.7,152848.0,95.7,220000.0,230640.84404212137
2018-02-03,249.439,20155.486,4.22,68168.0,7.0,5.7,154403.0,99.7,223000.0,232317.97357690136
2018-02-10,249.439,20155.486,4.32,68168.0,7.0,5.7,154403.0,99.7,225000.0,232317.97357690136
2018-02-17,249.439,20155.486,4.38,68168.0,7.0,5.7,154403.0,99.7,229000.0,232317.97357690136
2018-02-24,249.439,20155.486,4.4,68168.0,7.0,5.7,154403.0,99.7,225000.0,232317.97357690136
2018-03-03,249.581,20155.486,4.43,68168.0,7.0,5.3,154877.0,101.4,230000.0,234127.01980129417
2018-03-10,249.581,20155.486,4.46,68168.0,7.0,5.3,154877.0,101.4,230000.0,234127.01980129417
2018-03-17,249.581,20155.486,4.44,68168.0,7.0,5.3,154877.0,101.4,232000.0,234127.01980129417
2018-03-24,249.581,20155.486,4.45,68168.0,7.0,5.3,154877.0,101.4,230000.0,234127.01980129417
2018-03-31,249.581,20155.486,4.44,68168.0,7.0,5.3,154877.0,101.4,239000.0,234127.01980129417
2018-04-07,250.146,20470.197,4.4,68168.0,6.8,5.5,155348.0,98.8,230000.0,235808.41043664503
2018-04-14,250.146,20470.197,4.42,68168.0,6.8,5.5,155348.0,98.8,236000.0,235808.41043664503
2018-04-21,250.146,20470.197,4.47,68168.0,6.8,5.5,155348.0,98.8,235900.0,235808.41043664503
2018-04-28,250.146,20470.197,4.58,68168.0,6.8,5.5,155348.0,98.8,237000.0,235808.41043664503
2018-05-05,250.779,20470.197,4.55,68168.0,6.8,5.4,156009.0,98,238000.0,237356.88653979948
2018-05-12,250.779,20470.197,4.55,68168.0,6.8,5.4,156009.0,98,238000.0,237356.88653979948
2018-05-19,250.779,20470.197,4.61,68168.0,6.8,5.4,156009.0,98,240000.0,237356.88653979948
2018-05-26,250.779,20470.197,4.66,68168.0,6.8,5.4,156009.0,98,240000.0,237356.88653979948
2018-06-02,250.779,20470.197,4.56,68168.0,6.8,5.4,156009.0,98,245000.0,238409.85827699
2018-06-09,251.118,20470.197,4.54,68168.0,6.8,5.9,156465.0,98.2,242000.0,238409.85827699
2018-06-16,251.118,20470.197,4.62,68168.0,6.8,5.9,156465.0,98.2,247500.0,238409.85827699
2018-06-23,251.118,20470.197,4.57,68168.0,6.8,5.9,156465.0,98.2,247500.0,238409.85827699
2018-06-30,251.118,20470.197,4.55,68168.0,6.8,5.9,156465.0,98.2,250000.0,238409.85827699
2018-07-07,251.323,20687.278,4.52,68168.0,7.1,6.2,157004.0,97.9,240000.0,239027.30140352304
2018-07-14,251.323,20687.278,4.53,68168.0,7.1,6.2,157004.0,97.9,245500.0,239027.30140352304
2018-07-21,251.323,20687.278,4.52,68168.0,7.1,6.2,157004.0,97.9,243000.0,239027.30140352304
2018-07-28,251.323,20687.278,4.54,68168.0,7.1,6.2,157004.0,97.9,243000.0,239027.30140352304
2018-08-04,251.749,20687.278,4.6,68168.0,7.1,6.5,155539.0,96.2,241000.0,239652.26222152164
2018-08-11,251.749,20687.278,4.59,68168.0,7.1,6.5,155539.0,96.2,240000.0,239652.26222152164
2018-08-18,251.749,20687.278,4.53,68168.0,7.1,6.5,155539.0,96.2,241000.0,239652.26222152164
2018-08-25,251.749,20687.278,4.51,68168.0,7.1,6.5,155539.0,96.2,240000.0,239652.26222152164
2018-09-01,251.749,20687.278,4.52,68168.0,7.1,6.5,155539.0,96.2,239900.0,240219.98556311705
2018-09-08,252.239,20687.278,4.54,68168.0,7.1,6.6,156191.0,100.1,234900.0,240219.98556311705
2018-09-15,252.239,20687.278,4.6,68168.0,7.1,6.6,156191.0,100.1,235000.0,240219.98556311705
2018-09-22,252.239,20687.278,4.65,68168.0,7.1,6.6,156191.0,100.1,235000.0,240219.98556311705
2018-09-29,252.239,20687.278,4.72,68168.0,7.1,6.6,156191.0,100.1,235000.0,240219.98556311705
2018-10-06,252.862,20819.269,4.71,68168.0,6.6,7.0,156952.0,98.6,230000.0,240759.8690917329
2018-10-13,252.862,20819.269,4.9,68168.0,6.6,7.0,156952.0,98.6,232500.0,240759.8690917329
2018-10-20,252.862,20819.269,4.85,68168.0,6.6,7.0,156952.0,98.6,235000.0,240759.8690917329
2018-10-27,252.862,20819.269,4.86,68168.0,6.6,7.0,156952.0,98.6,232000.0,240759.8690917329
2018-11-03,252.657,20819.269,4.83,68168.0,6.6,6.7,157015.0,97.5,234900.0,241497.63774444323
2018-11-10,252.657,20819.269,4.94,68168.0,6.6,6.7,157015.0,97.5,232000.0,241497.63774444323
2018-11-17,252.657,20819.269,4.94,68168.0,6.6,6.7,157015.0,97.5,236000.0,241497.63774444323
2018-12-01,252.657,20819.269,4.81,68168.0,6.6,6.7,157015.0,97.5,235000.0,242367.4386078478
2018-12-08,252.551,20819.269,4.75,68168.0,6.6,7.5,156481.0,98.3,231000.0,242367.4386078478
2018-12-15,252.551,20819.269,4.63,68168.0,6.6,7.5,156481.0,98.3,235000.0,242367.4386078478
2018-12-22,252.551,20819.269,4.62,68168.0,6.6,7.5,156481.0,98.3,230000.0,242367.4386078478
2018-12-29,252.551,20819.269,4.55,68168.0,6.6,7.5,156481.0,98.3,233500.0,242367.4386078478
2019-01-05,252.47,21013.085,4.51,72808.0,7.0,6.9,154964.0,91.2,230000.0,243203.1101542113
2019-01-12,252.47,21013.085,4.45,72808.0,7.0,6.9,154964.0,91.2,235000.0,243203.1101542113
2019-01-19,252.47,21013.085,4.45,72808.0,7.0,6.9,154964.0,91.2,233000.0,243203.1101542113
2019-01-26,252.47,21013.085,4.45,72808.0,7.0,6.9,154964.0,91.2,228000.0,243203.1101542113
2019-02-02,252.47,21013.085,4.46,72808.0,7.0,6.9,154964.0,91.2,233500.0,244194.88855535796
2019-02-09,253.135,21013.085,4.41,72808.0,7.0,6.4,156167.0,93.8,225000.0,244194.88855535796
2019-02-16,253.135,21013.085,4.37,72808.0,7.0,6.4,156167.0,93.8,230000.0,244194.88855535796
2019-02-23,253.135,21013.085,4.35,72808.0,7.0,6.4,156167.0,93.8,232000.0,244194.88855535796
2019-03-02,253.135,21013.085,4.35,72808.0,7.0,6.4,156167.0,93.8,239000.0,245353.7424373736
2019-03-09,254.273,21013.085,4.41,72808.0,7.0,5.8,156441.0,98.4,235000.0,245353.7424373736
2019-03-16,254.273,21013.085,4.31,72808.0,7.0,5.8,156441.0,98.4,239500.0,245353.7424373736
2019-03-23,254.273,21013.085,4.28,72808.0,7.0,5.8,156441.0,98.4,238500.0,245353.7424373736
2019-03-30,254.273,21013.085,4.06,72808.0,7.0,5.8,156441.0,98.4,244900.0,245353.7424373736
2019-04-06,255.163,21272.448,4.08,72808.0,6.8,5.7,156710.0,97.2,239000.0,246520.3558796932
2019-04-13,255.163,21272.448,4.12,72808.0,6.8,5.7,156710.0,97.2,244900.0,246520.3558796932
2019-04-20,255.163,21272.448,4.17,72808.0,6.8,5.7,156710.0,97.2,247000.0,246520.3558796932
2019-04-27,255.163,21272.448,4.2,72808.0,6.8,5.7,156710.0,97.2,243000.0,246520.3558796932
2019-05-04,255.325,21272.448,4.14,72808.0,6.8,6.5,157152.0,100,250000.0,247636.8659505372
2019-05-11,255.325,21272.448,4.1,72808.0,6.8,6.5,157152.0,100,249900.0,247636.8659505372
2019-05-18,255.325,21272.448,4.07,72808.0,6.8,6.5,157152.0,100,250000.0,247636.8659505372
2019-05-25,255.325,21272.448,4.06,72808.0,6.8,6.5,157152.0,100,250000.0,247636.8659505372
2019-06-01,255.325,21272.448,3.99,72808.0,6.8,6.5,157152.0,100,259000.0,248321.5906710967
2019-06-08,255.361,21272.448,3.82,72808.0,6.8,5.3,157828.0,98.2,255000.0,248321.5906710967
2019-06-15,255.361,21272.448,3.82,72808.0,6.8,5.3,157828.0,98.2,258000.0,248321.5906710967
2019-06-22,255.361,21272.448,3.84,72808.0,6.8,5.3,157828.0,98.2,257900.0,248321.5906710967
2019-06-29,255.361,21272.448,3.73,72808.0,6.8,5.3,157828.0,98.2,260718.0,248321.5906710967
2019-07-13,255.9,21531.839,3.75,72808.0,6.8,5.8,158385.0,98.4,255000.0,248633.73812378265
2019-07-20,255.9,21531.839,3.81,72808.0,6.8,5.8,158385.0,98.4,257500.0,248633.73812378265
2019-07-27,255.9,21531.839,3.75,72808.0,6.8,5.8,158385.0,98.4,255000.0,248633.73812378265
2019-08-03,256.179,21531.839,3.75,72808.0,6.8,5.6,157816.0,89.8,255000.0,249008.99465963832
2019-08-10,256.179,21531.839,3.6,72808.0,6.8,5.6,157816.0,89.8,250000.0,249008.99465963832
2019-08-17,256.179,21531.839,3.6,72808.0,6.8,5.6,157816.0,89.8,255000.0,249008.99465963832
2019-08-24,256.179,21531.839,3.55,72808.0,6.8,5.6,157816.0,89.8,253000.0,249008.99465963832
2019-08-31,256.179,21531.839,3.58,72808.0,6.8,5.6,157816.0,89.8,255000.0,249008.99465963832
2019-09-07,256.596,21531.839,3.49,72808.0,6.8,5.4,158478.0,93.2,249000.0,249470.10259387613
2019-09-14,256.596,21531.839,3.56,72808.0,6.8,5.4,158478.0,93.2,250000.0,249470.10259387613
2019-09-21,256.596,21531.839,3.73,72808.0,6.8,5.4,158478.0,93.2,249900.0,249470.10259387613
2019-09-28,256.596,21531.839,3.64,72808.0,6.8,5.4,158478.0,93.2,250000.0,249470.10259387613
2019-10-05,257.305,21706.532,3.65,72808.0,6.4,5.4,159067.0,95.5,250000.0,249950.51724216796
2019-10-12,257.305,21706.532,3.57,72808.0,6.4,5.4,159067.0,95.5,250000.0,249950.51724216796
2019-10-19,257.305,21706.532,3.69,72808.0,6.4,5.4,159067.0,95.5,250000.0,249950.51724216796
2019-10-26,257.305,21706.532,3.75,72808.0,6.4,5.4,159067.0,95.5,250000.0,249950.51724216796
2019-11-02,257.305,21706.532,3.78,72808.0,6.4,5.4,159067.0,95.5,250000.0,250455.04541337857
2019-11-09,257.788,21706.532,3.69,72808.0,6.4,5.6,158945.0,96.8,246400.0,250455.04541337857
2019-11-16,257.788,21706.532,3.75,72808.0,6.4,5.6,158945.0,96.8,250000.0,250455.04541337857
2019-11-23,257.788,21706.532,3.66,72808.0,6.4,5.6,158945.0,96.8,250000.0,250455.04541337857
2019-12-07,258.263,21706.532,3.68,72808.0,6.4,5.6,158504.0,99.3,252000.0,251376.3466099993
2019-12-14,258.263,21706.532,3.73,72808.0,6.4,5.6,158504.0,99.3,253000.0,251376.3466099993
2019-12-21,258.263,21706.532,3.73,72808.0,6.4,5.6,158504.0,99.3,253000.0,251376.3466099993
2019-12-28,258.263,21706.532,3.74,72808.0,6.4,5.6,158504.0,99.3,249900.0,251376.3466099993
2020-01-04,258.682,21538.032,3.72,71186.0,6.6,5.5,156994.0,99.8,249000.0,252539.18845482572
2020-01-11,258.682,21538.032,3.64,71186.0,6.6,5.5,156994.0,99.8,249800.0,252539.18845482572
2020-01-18,258.682,21538.032,3.65,71186.0,6.6,5.5,156994.0,99.8,250000.0,252539.18845482572
2020-01-25,258.682,21538.032,3.6,71186.0,6.6,5.5,156994.0,99.8,240000.0,252539.18845482572
2020-02-01,258.682,21538.032,3.51,71186.0,6.6,5.5,156994.0,99.8,247900.0,253998.39156446315
2020-02-08,259.007,21538.032,3.45,71186.0,6.6,5.7,158017.0,101,245000.0,253998.39156446315
2020-02-15,259.007,21538.032,3.47,71186.0,6.6,5.7,158017.0,101,253250.0,253998.39156446315
2020-02-22,259.007,21538.032,3.49,71186.0,6.6,5.7,158017.0,101,250000.0,253998.39156446315
2020-02-29,259.007,21538.032,3.45,71186.0,6.6,5.7,158017.0,101,255025.0,253998.39156446315
2020-03-07,258.165,21538.032,3.29,71186.0,6.6,6.5,155167.0,89.1,254000.0,256010.7277851753
2020-03-14,258.165,21538.032,3.36,71186.0,6.6,6.5,155167.0,89.1,257500.0,256010.7277851753
2020-03-21,258.165,21538.032,3.65,71186.0,6.6,6.5,155167.0,89.1,260000.0,256010.7277851753
2020-03-28,258.165,21538.032,3.5,71186.0,6.6,6.5,155167.0,89.1,265000.0,256010.7277851753
2020-04-04,256.094,19636.731,3.33,71186.0,5.7,6.7,133326.0,71.8,262000.0,257552.80800054653
2020-04-11,256.094,19636.731,3.33,71186.0,5.7,6.7,133326.0,71.8,263900.0,257552.80800054653
2020-04-18,256.094,19636.731,3.31,71186.0,5.7,6.7,133326.0,71.8,260000.0,257552.80800054653
2020-04-25,256.094,19636.731,3.33,71186.0,5.7,6.7,133326.0,71.8,259500.0,257552.80800054653
2020-05-02,256.094,19636.731,3.23,71186.0,5.7,6.7,133326.0,71.8,259900.0,257956.98813916385
2020-05-09,255.944,19636.731,3.26,71186.0,5.7,5.3,137461.0,72.3,253000.0,257956.98813916385
2020-05-16,255.944,19636.731,3.28,71186.0,5.7,5.3,137461.0,72.3,255000.0,257956.98813916385
2020-05-23,255.944,19636.731,3.24,71186.0,5.7,5.3,137461.0,72.3,255000.0,257956.98813916385
2020-05-30,255.944,19636.731,3.15,71186.0,5.7,5.3,137461.0,72.3,261000.0,257956.98813916385
2020-06-06,257.217,19636.731,3.18,71186.0,5.7,3.9,142811.0,78.1,260000.0,259035.9798976308
2020-06-13,257.217,19636.731,3.21,71186.0,5.7,3.9,142811.0,78.1,260000.0,259035.9798976308
2020-06-20,257.217,19636.731,3.13,71186.0,5.7,3.9,142811.0,78.1,268000.0,259035.9798976308
2020-06-27,257.217,19636.731,3.13,71186.0,5.7,3.9,142811.0,78.1,269900.0,259035.9798976308
2020-07-04,258.543,21362.428,3.07,71186.0,6.4,3.5,144492.0,72.5,277500.0,261033.34933773847
2020-07-11,258.543,21362.428,3.03,71186.0,6.4,3.5,144492.0,72.5,273900.0,261033.34933773847
2020-07-18,258.543,21362.428,2.98,71186.0,6.4,3.5,144492.0,72.5,279000.0,261033.34933773847
2020-07-25,258.543,21362.428,3.01,71186.0,6.4,3.5,144492.0,72.5,277000.0,261033.34933773847
2020-08-01,258.543,21362.428,2.99,71186.0,6.4,3.5,144492.0,72.5,282000.0,263309.8060847693
2020-08-08,259.58,21362.428,2.88,71186.0,6.4,3.3,147224.0,74.1,277000.0,263309.8060847693
2020-08-15,259.58,21362.428,2.96,71186.0,6.4,3.3,147224.0,74.1,280000.0,263309.8060847693
2020-08-22,259.58,21362.428,2.99,71186.0,6.4,3.3,147224.0,74.1,280000.0,263309.8060847693
2020-08-29,259.58,21362.428,2.91,71186.0,6.4,3.3,147224.0,74.1,282814.0,263309.8060847693
2020-09-05,260.19,21362.428,2.93,71186.0,6.4,3.4,147796.0,80.4,280000.0,265872.5552697583
2020-09-12,260.19,21362.428,2.86,71186.0,6.4,3.4,147796.0,80.4,282500.0,265872.5552697583
2020-09-19,260.19,21362.428,2.87,71186.0,6.4,3.4,147796.0,80.4,285000.0,265872.5552697583
2020-09-26,260.19,21362.428,2.9,71186.0,6.4,3.4,147796.0,80.4,282000.0,265872.5552697583
2020-10-03,260.352,21704.706,2.88,71186.0,6.5,3.4,150433.0,81.8,285000.0,268835.848687471
2020-10-10,260.352,21704.706,2.87,71186.0,6.5,3.4,150433.0,81.8,280000.0,268835.848687471
2020-10-17,260.352,21704.706,2.81,71186.0,6.5,3.4,150433.0,81.8,285000.0,268835.848687471
2020-10-24,260.352,21704.706,2.8,71186.0,6.5,3.4,150433.0,81.8,285000.0,268835.848687471
2020-10-31,260.352,21704.706,2.81,71186.0,6.5,3.4,150433.0,81.8,290000.0,268835.848687471
2020-11-07,260.721,21704.706,2.78,71186.0,6.5,4.1,150203.0,76.9,285000.0,271813.10685648845
2020-11-14,260.721,21704.706,2.84,71186.0,6.5,4.1,150203.0,76.9,286000.0,271813.10685648845
2020-11-21,260.721,21704.706,2.72,71186.0,6.5,4.1,150203.0,76.9,289000.0,271813.10685648845
2020-12-05,261.564,21704.706,2.71,71186.0,6.5,4.1,149613.0,80.7,289000.0,274585.9884627443
2020-12-12,261.564,21704.706,2.71,71186.0,6.5,4.1,149613.0,80.7,284900.0,274585.9884627443
2020-12-19,261.564,21704.706,2.67,71186.0,6.5,4.1,149613.0,80.7,285000.0,274585.9884627443
2020-12-26,261.564,21704.706,2.66,71186.0,6.5,4.1,149613.0,80.7,283500.0,274585.9884627443
2021-01-02,261.564,21704.706,2.67,71186.0,6.5,4.1,149613.0,80.7,280000.0,278306.6334539525
2021-01-09,262.2,22313.85,2.65,70784.0,6.8,4.0,148383.0,79,280000.0,278306.6334539525
2021-01-16,262.2,22313.85,2.79,70784.0,6.8,4.0,148383.0,79,283000.0,278306.6334539525
2021-01-23,262.2,22313.85,2.77,70784.0,6.8,4.0,148383.0,79,277875.0,278306.6334539525
2021-01-30,262.2,22313.85,2.73,70784.0,6.8,4.0,148383.0,79,279000.0,278306.6334539525
2021-02-06,263.346,22313.85,2.73,70784.0,6.8,4.8,149522.0,76.8,276000.0,282149.06986724
2021-02-13,263.346,22313.85,2.73,70784.0,6.8,4.8,149522.0,76.8,280000.0,282149.06986724
2021-02-20,263.346,22313.85,2.81,70784.0,6.8,4.8,149522.0,76.8,292000.0,282149.06986724
2021-02-27,263.346,22313.85,2.97,70784.0,6.8,4.8,149522.0,76.8,290000.0,282149.06986724
2021-03-06,265.028,22313.85,3.02,70784.0,6.8,4.2,150493.0,84.9,294500.0,286493.3913454744
2021-03-13,265.028,22313.85,3.05,70784.0,6.8,4.2,150493.0,84.9,290000.0,286493.3913454744
2021-03-20,265.028,22313.85,3.09,70784.0,6.8,4.2,150493.0,84.9,298750.0,286493.3913454744
2021-03-27,265.028,22313.85,3.17,70784.0,6.8,4.2,150493.0,84.9,300000.0,286493.3913454744
2021-04-03,266.727,23046.934,3.18,70784.0,6.2,4.7,151160.0,88.3,310000.0,291424.9446204369
2021-04-10,266.727,23046.934,3.13,70784.0,6.2,4.7,151160.0,88.3,301000.0,291424.9446204369
2021-04-17,266.727,23046.934,3.04,70784.0,6.2,4.7,151160.0,88.3,310000.0,291424.9446204369
2021-04-24,266.727,23046.934,2.97,70784.0,6.2,4.7,151160.0,88.3,309900.0,291424.9446204369
2021-05-01,266.727,23046.934,2.98,70784.0,6.2,4.7,151160.0,88.3,314500.0,298001.6794194181
2021-05-08,268.599,23046.934,2.96,70784.0,6.2,5.4,151778.0,82.9,310000.0,298001.6794194181
2021-05-15,268.599,23046.934,2.94,70784.0,6.2,5.4,151778.0,82.9,315000.0,298001.6794194181
2021-05-22,268.599,23046.934,3.0,70784.0,6.2,5.4,151778.0,82.9,317500.0,298001.6794194181
2021-05-29,268.599,23046.934,2.95,70784.0,6.2,5.4,151778.0,82.9,320000.0,298001.6794194181
2021-06-05,270.955,23046.934,2.99,70784.0,6.2,5.8,152283.0,85.5,320000.0,304412.522130353
2021-06-12,270.955,23046.934,2.96,70784.0,6.2,5.8,152283.0,85.5,320000.0,304412.522130353
2021-06-19,270.955,23046.934,2.93,70784.0,6.2,5.8,152283.0,85.5,325500.0,304412.522130353
2021-06-26,270.955,23046.934,3.02,70784.0,6.2,5.8,152283.0,85.5,324900.0,304412.522130353
2021-07-03,272.184,23550.42,2.98,70784.0,5.8,6.0,153596.0,81.2,330000.0,309519.1674468317
2021-07-10,272.184,23550.42,2.9,70784.0,5.8,6.0,153596.0,81.2,325000.0,309519.1674468317
2021-07-17,272.184,23550.42,2.88,70784.0,5.8,6.0,153596.0,81.2,327000.0,309519.1674468317
2021-07-24,272.184,23550.42,2.78,70784.0,5.8,6.0,153596.0,81.2,325000.0,309519.1674468317
2021-07-31,272.184,23550.42,2.8,70784.0,5.8,6.0,153596.0,81.2,325000.0,309519.1674468317
2021-08-07,273.092,23550.42,2.77,70784.0,5.8,6.5,153232.0,70.3,325000.0,313679.0040793417
2021-08-14,273.092,23550.42,2.87,70784.0,5.8,6.5,153232.0,70.3,325000.0,313679.0040793417
2021-08-21,273.092,23550.42,2.86,70784.0,5.8,6.5,153232.0,70.3,325000.0,313679.0040793417
2021-08-28,273.092,23550.42,2.87,70784.0,5.8,6.5,153232.0,70.3,321200.0,313679.0040793417
2021-09-04,274.214,23550.42,2.87,70784.0,5.8,6.1,154026.0,72.8,325000.0,317088.9514407419
2021-09-11,274.214,23550.42,2.88,70784.0,5.8,6.1,154026.0,72.8,325000.0,317088.9514407419
2021-09-18,274.214,23550.42,2.86,70784.0,5.8,6.1,154026.0,72.8,325000.0,317088.9514407419
2021-09-25,274.214,23550.42,2.88,70784.0,5.8,6.1,154026.0,72.8,320000.0,317088.9514407419
2021-10-02,274.214,23550.42,3.01,70784.0,5.8,6.1,154026.0,72.8,325000.0,320478.5234715855
2021-10-09,276.59,24349.121,2.99,70784.0,5.6,6.9,154966.0,71.7,320000.0,320478.5234715855
2021-10-16,276.59,24349.121,3.05,70784.0,5.6,6.9,154966.0,71.7,325000.0,320478.5234715855
2021-10-23,276.59,24349.121,3.09,70784.0,5.6,6.9,154966.0,71.7,325000.0,320478.5234715855
2021-10-30,276.59,24349.121,3.14,70784.0,5.6,6.9,154966.0,71.7,325000.0,320478.5234715855
2021-11-06,278.524,24349.121,3.09,70784.0,5.6,6.2,155797.0,67.4,320500.0,324077.7943786578
2021-11-20,278.524,24349.121,3.1,70784.0,5.6,6.2,155797.0,67.4,330000.0,324077.7943786578
2021-12-04,280.126,24349.121,3.11,70784.0,5.6,5.6,155732.0,70.6,330000.0,329257.3450367768
2021-12-11,280.126,24349.121,3.1,70784.0,5.6,5.6,155732.0,70.6,325000.0,329257.3450367768
2021-12-18,280.126,24349.121,3.12,70784.0,5.6,5.6,155732.0,70.6,329000.0,329257.3450367768
2021-12-25,280.126,24349.121,3.05,70784.0,5.6,5.6,155732.0,70.6,325000.0,329257.3450367768
2022-01-01,280.126,24349.121,3.11,70784.0,5.6,5.6,155732.0,70.6,320000.0,334114.6198406493
2022-01-08,281.933,24740.48,3.22,70784.0,5.8,5.7,155618.0,67.2,324900.0,334114.6198406493
2022-01-15,281.933,24740.48,3.45,70784.0,5.8,5.7,155618.0,67.2,325000.0,334114.6198406493
2022-01-22,281.933,24740.48,3.56,70784.0,5.8,5.7,155618.0,67.2,319000.0,334114.6198406493
2022-01-29,281.933,24740.48,3.55,70784.0,5.8,5.7,155618.0,67.2,315000.0,334114.6198406493
2022-02-05,284.182,24740.48,3.55,70784.0,5.8,6.0,156942.0,62.8,325000.0,339943.8629789735
2022-02-12,284.182,24740.48,3.69,70784.0,5.8,6.0,156942.0,62.8,320000.0,339943.8629789735
2022-02-19,284.182,24740.48,3.92,70784.0,5.8,6.0,156942.0,62.8,335000.0,339943.8629789735
2022-02-26,284.182,24740.48,3.89,70784.0,5.8,6.0,156942.0,62.8,335000.0,339943.8629789735
2022-03-05,287.708,24740.48,3.76,70784.0,5.8,7.0,158106.0,59.4,340000.0,346018.2337016867
2022-03-12,287.708,24740.48,3.85,70784.0,5.8,7.0,158106.0,59.4,341500.0,346018.2337016867
2022-03-19,287.708,24740.48,4.16,70784.0,5.8,7.0,158106.0,59.4,346000.0,346018.2337016867
2022-03-26,287.708,24740.48,4.42,70784.0,5.8,7.0,158106.0,59.4,350000.0,346018.2337016867
2022-04-02,287.708,24740.48,4.67,70784.0,5.8,7.0,158106.0,59.4,355000.0,352528.8185050298
2022-04-09,288.663,25248.476,4.72,70784.0,5.6,8.4,157991.0,65.2,359080.0,352528.8185050298
2022-04-16,288.663,25248.476,5.0,70784.0,5.6,8.4,157991.0,65.2,364000.0,352528.8185050298
2022-04-23,288.663,25248.476,5.11,70784.0,5.6,8.4,157991.0,65.2,360000.0,352528.8185050298
2022-04-30,288.663,25248.476,5.1,70784.0,5.6,8.4,157991.0,65.2,361900.0,352528.8185050298
2022-05-07,291.474,25248.476,5.27,70784.0,5.6,8.3,158609.0,58.4,363000.0,356754.8305949382
2022-05-14,291.474,25248.476,5.3,70784.0,5.6,8.3,158609.0,58.4,365000.0,356754.8305949382
2022-05-21,291.474,25248.476,5.25,70784.0,5.6,8.3,158609.0,58.4,365000.0,356754.8305949382
2022-05-28,291.474,25248.476,5.1,70784.0,5.6,8.3,158609.0,58.4,365000.0,356754.8305949382
2022-06-04,295.328,25248.476,5.09,70784.0,5.6,9.4,158678.0,50,370000.0,359526.2602428433
2022-06-11,295.328,25248.476,5.23,70784.0,5.6,9.4,158678.0,50,365000.0,359526.2602428433
2022-06-18,295.328,25248.476,5.78,70784.0,5.6,9.4,158678.0,50,370000.0,359526.2602428433
2022-06-25,295.328,25248.476,5.81,70784.0,5.6,9.4,158678.0,50,365000.0,359526.2602428433
2022-07-02,295.328,25248.476,5.7,70784.0,5.6,9.4,158678.0,50,365000.0,359158.10226116376
2022-07-09,295.271,25698.96,5.3,70784.0,6.0,10.1,159067.0,51.5,360000.0,359158.10226116376
2022-07-16,295.271,25698.96,5.51,70784.0,6.0,10.1,159067.0,51.5,357500.0,359158.10226116376
2022-07-23,295.271,25698.96,5.54,70784.0,6.0,10.1,159067.0,51.5,352000.0,359158.10226116376
2022-07-30,295.271,25698.96,5.3,70784.0,6.0,10.1,159067.0,51.5,350000.0,359158.10226116376
2022-08-06,295.62,25698.96,4.99,70784.0,6.0,8.3,158714.0,58.2,348700.0,358023.7866474173
2022-08-13,295.62,25698.96,5.22,70784.0,6.0,8.3,158714.0,58.2,349000.0,358023.7866474173
2022-08-20,295.62,25698.96,5.13,70784.0,6.0,8.3,158714.0,58.2,350000.0,358023.7866474173
2022-08-27,295.62,25698.96,5.55,70784.0,6.0,8.3,158714.0,58.2,347500.0,358023.7866474173
2022-09-03,296.761,25698.96,5.66,70784.0,6.0,9.4,159003.0,58.6,349900.0,358091.37833473465
2022-09-10,296.761,25698.96,5.89,70784.0,6.0,9.4,159003.0,58.6,345000.0,358091.37833473465
2022-09-17,296.761,25698.96,6.02,70784.0,6.0,9.4,159003.0,58.6,344000.0,358091.37833473465
2022-09-24,296.761,25698.96,6.29,70784.0,6.0,9.4,159003.0,58.6,339900.0,358091.37833473465
2022-10-01,296.761,25698.96,6.7,70784.0,6.0,9.4,159003.0,58.6,340000.0,358458.22507982934
2022-10-08,298.062,25698.96,6.66,70784.0,6.0,8.9,159144.0,59.9,340000.0,358458.22507982934
